Title,FirstName,LastName,Company,DisplayName,Phone,Mobile,Email,WebSite,Street,City,State,Code,Country,ShippingStreet,ShippingCity,ShippingState,ShippingCode,ShippingCountry,Balance
Cia,Edgar,Montoya,Cartonera Montoya S.A.,Montoya Cia,,,carton@gmail.com,,,,,,,,,,,,15000.00
Cia,Carlos,Martinex,Bolsas Delta S.A.,Bolsas Delta S.A.,,,delta@delta.com,,,,,,,,,,,,20000.00
Cia,Flor,Silvestre,General de Viveres S.A.,General de Viveres S.A.,,,viveres@hotmail.com,,,,,,,,,,,,25600.00
Cia,Eduardo ,Caceres,Cajas de Carton S.A.,CCMSA,,,cajas@cajas.com,,,,,,,,,,,,15666.00
